"name","aliases","region","category","is_niche","ticket_cny","shuttle_cny","altitude_m","visit_hours","best_time","road_requirement","signal","rating","recommendation","suggested_day","detour_note","ref_url"
"塔尔寺","衮本贤巴林、Kumbum Monastery、塔尔寺藏语""十万狮子吼佛像的弥勒寺""。","西宁","石窟/寺庙","0","70","","2670","2h","上午 09:00—11:00 人少、光线打在八宝如意塔正面最好看。9 月底—10 月初特别说明：本次行程 D1（9.25）中午才落地西宁取车、塔尔寺属于""可选加点""而非必选；若 D1 下午 15:00 前能出发、来回加游览需要 4 小时、会挤压市区采购补给时间。国庆当天（10.1—10.3）塔尔寺是…","全程高速+市道柏油路、轿车无压力。景区外围有多条""免费停车""揽客路、别停私人场。","满格 5G。","doc1 4.5｜顺路可去","顺路可去","D1 变体 / D11","","https://piao.qunar.com/"
"青海藏文化博物院","青海藏文化博物馆、藏医药文化博物馆（北馆）、藏医药馆。","西宁","博物馆/展馆","0","60","","2270","1.5-2h","室内馆、全天无差别。9 月底—10 月初特别说明：这是 D1（9.25）落地西宁下午最合适的填充项——doc3 实走团队正是 15:00 左右落地后直奔此馆（来源：doc3实走）。国庆期间室内馆比塔尔寺舒服得多。","市区柏油路、无要求。","满格。","🌟🌟 / （免费才给星）","顺路可去（D1 落地下午的最佳填充项）","D1 变体","",""
"西宁新千夜市 / 莫家街 / 水井巷","新千国际广场夜市、莫家街小吃街、水井巷市场。","西宁","城镇/夜市/美食","0","0","","2261","1-1.5h","19:00—21:00 最热闹。9 月底—10 月初特别说明：D1（9.25）晚上是本行程唯一从容的夜市时间、doc2 明确把""西宁水井巷/莫家街""排在 D1 的用餐项（来源：doc2）。D10（10.4）晚上返西宁约 20:00 到（来源：doc2）、赶得上但会很累。","市区、无要求。夜市周边停车紧张、建议打车。","满格。","免费好评","顺路强烈推荐（D1 晚上）","D1","",""
"拉脊山（宗喀拉则）· 可选","拉鸡山、宗喀拉则观景台。","西宁南","垭口/山口","1","0","","3820","1h","上午通透度最高。9 月底—10 月初特别说明：本次 12 天逆时针行程不经过拉脊山（青海湖走的是 G315/环湖西路方向）、去拉脊山需从西宁向南绕行、往返约 3 小时。仅在""D1 落地早 + 想加贵德""或""D11 有整天""时成立。","柏油盘山路、弯多坡陡、普通轿车可上、SUV 更从容；雨雪天有暗冰。","垭口有信号、部分弯道盲区。","顺路可去（可选）","需专门绕路约 3 小时","变体","","http://xn.bendibao.com/news/20241025/16443.shtm"
"黑泉水库","黑泉水库风景区、大通黑泉水库。","大通","水库","1","0","","2900-3000","20-30min","上午 10:00—12:00 侧光下湖水最绿。9 月底—10 月初特别说明：本次 D2（9.26）08:00 从西宁出发（来源：doc2）、约 09:30—10:00 经过黑泉水库、光线正好；doc3 实走团队是 10:00 出发、11:30 到达（来源：doc3实走）。","G227 柏油国道、路况好。注意：黑泉水库沿线大货车多、山路超车谨慎（来源：doc2）。","有信号。","🌟🌟🌟 / 🌟🌟🌟","顺路强烈推荐","D2","",""
"达坂山观景台（大坂山垭口）","大坂山观景台、达坂山垭口、大坂山隧道观景台。","大通—门源","垭口/山口","0","0","","3940","30min","上午通透。9 月底—10 月初特别说明：doc2 计划 09:30 到达（来源：doc2）。关键预期管理：doc3 团队 10 月中旬到访时""没怎么下雪、雪和山参杂着、不是很美""（来源：doc3实走）——9 月底大概率同样是""半雪不雪""的状态、不要期待纯白雪山。若 9 月底刚好有一场降雪、观感会完全…","G227 柏油国道盘山、弯多。10 月初可能降雪封路（来源：doc2 天气条目）；建议 SUV、关注""青海交通""公众号预警（来源：doc2）。","垭口有信号但弱。","🌟 / 🌟🌟","顺路可去（必经、免费、当休息站）","D2","",""
"门源（油菜花海 / 岗什卡雪峰方向）","门源回族自治县、门源百里油菜花海、青石嘴观景台。","海北","草原/花海","0","0","","2866","1h","9 月底—10 月初特别说明（重要）：油菜花已凋谢、花海只剩收割后的黑土地与残茬（来源：新浪财经 转引 research/B）。结论：门源在本次行程中降级为""吃饭+加油+看一眼达坂山北坡雪线""的功能点、不要买票。doc1 也标注门源油菜花""推荐（4 月底开花情况不稳定）""（来源：doc1）、同样说明…","G227 柏油国道、路况好。","县城满格。","doc1 4.0｜9月底已过花期","顺路可去（仅作为午餐/加油点）","D2","","https://finance.sina.com.cn/jjxw/2026-06-22/doc-iniefeae9304665.shtml"
"仙米国家森林公园 · 聚阳沟","仙米森林公园、聚阳沟景区、门仙公路彩林。","门源","森林","1","60","","2500-3000","2h","9 月底—10 月初就是它的巅峰期（9 月下旬—10 月中旬、来源：research/B）。下午 14:00—16:00 侧逆光穿过桦树叶时最金。本次 D2（9.26）13:30 抵达、时间点几乎完美。","门仙公路为柏油路、沿浩门河谷穿行、弯多但路况好；轿车可通行、SUV 更舒适。","河谷内间断有信号、部分路段弱。","顺路强烈推荐（秋色）","必去（本段最高性价比）","D2","","https://hk.trip.com/moments/theme/poi-xianmi-national-forest-park-18733301-flower-viewing-990796/"
"景阳岭垭口","景阳岭、景阳岭垭口观景台。","祁连","垭口/山口","1","0","","3767","15min","全天可停。9 月底—10 月初特别说明：3767m 在 10 月初早晚可能有薄雪/暗冰、通过时段建议排在 10:00—16:00。","柏油路、弯道多、坡陡；SUV 更稳。","弱。","顺路可去","顺路可去（必经、免费、15 分钟）","D2","",""
"卓尔山","卓尔山风景区、""东方小瑞士""、藏语""宗穆玛釉玛""。","祁连","山岳/雪峰","0","60","15","3000-3400","2h","清晨 08:00—10:00 光线打在牛心山正面且人最少。9 月底—10 月初特别说明：10 月初草原开始泛黄、雪山初显、色彩层次极佳（来源：research/B）——这是卓尔山一年中第二好的季节（第一是 7 月油菜花期）。本次 D3（9.27）08:20 入园的安排非常理想、是全程""错峰 + 好光…","柏油路直达山下、景区内换乘观光车上山（或步行 40 分钟）。","有信号。","必去","必去","D3","","https://hk.trip.com/moments/detail/qilian-120123-143211377/"
"祁连大草原 / 阿柔大寺","八宝草原、阿柔大寺（阿柔大寺又名""阿力克大寺""）。","祁连","草原/湿地","1","0","","2800-3200","1h","日落前 1.5 小时草原色温最暖。9 月底—10 月初特别说明：草已转金黄、牛羊仍在、是拍""金色草原 + 黑牦牛""的好时候；阿柔大寺在 10 月初游客极少。","S302 柏油路、路况好。","有信号、部分草原深处弱。","顺路强烈推荐","顺路强烈推荐（免费、就在 D3 卓尔山之后的路上）","D3","",""
"祁连 9 号公路（G213 祁连段）","Y9 公路、祁连山 9 号公路、祁连—扁都口方向景观道（现多与 G213 组合走）。","祁连—张掖","公路景观","0","0","","3500","3-4h（含车程）","10:00—16:00 通过。9 月底—10 月初特别说明（关键风险）：① G227 国道扁都口段封闭至 2027 年、往返张掖与祁连需改道 G213（来源：什么值得买 转引 research/B）；② 4000m+ 垭口 10 月初可能积雪冰冻、务必携带防滑链、租车选 SUV（来源：researc…","柏油路面、弯道极多、翻越高海拔垭口、建议 SUV（来源：research/B）。山路窄注意会车（来源：doc2）。","山区多段无信号、提前下载离线地图（来源：doc2）。","必走","必去（本身就是 D3 的行程主体）","D3","","https://post.m.smzdm.com/p/a708vkv5/"
"二尕公路（二尕线）","二尕线、二尕达坂公路、二指哈拉达坂方向道路。","祁连—肃南","公路景观","1","0","","3500","2-3h（含车程）","正午前后通过（doc2 计划 14:00 到达二尕公路观景、路餐、来源：doc2）。9 月底—10 月初特别说明：这条路是全程""是否封闭""风险最高的一段、doc2 与 sheet 都两次写明""提前查二尕公路是否封闭、雨雪改扁都口""（来源：doc2、sheet）。10 月初一场雪就可能直接封路。","柏油+部分修补路段、弯多、窄、会车困难；山路狭窄、注意会车（来源：sheet）。建议 SUV。","大段无信号。","必走（查封路）","顺路强烈推荐（前提","D3","",""
"肃南（裕固族自治县）","肃南裕固族自治县、红湾寺镇。","张掖","城镇/夜市/美食","1","0","","2500","20min","无特殊要求。9 月底—10 月初特别说明：D3 傍晚经过、天黑早、补给后尽快下山进张掖。","G213 柏油路。","县城满格。","顺路补给","顺路可去（功能性补给点）","D3","",""
"张掖七彩丹霞","张掖国家地质公园、临泽丹霞、七彩山、彩虹山。","张掖","丹霞地貌","0","93","","1800-2000","3-4h","17:30—19:30 日落（来源：doc1 机位表）；推荐日落前 2 小时入园（来源：research/B）。9 月底—10 月初特别说明：日落约为 18:40—19:00（来源：research/B）、doc3 实走记录""10 月初一般 7 点日落""（来源：doc3实走）。本次行程的关键冲突：d…","高速+景区柏油路、轿车无压力。景区内各观景台之间必须坐观光车、步行不可行。","满格。","🌟🌟🌟🌟 / 🌟🌟🌟🌟","必去","D4","","http://lz.bendibao.com/tour/2019116/44185.shtm"
"张掖大佛寺","西夏国寺、宏仁寺、卧佛寺。","张掖","石窟/寺庙","0","41","","1483","1-1.5h","上午或傍晚。9 月底—10 月初特别说明：本次行程 D4（9.28）07:00 就要从张掖出发去七彩丹霞与敦煌（来源：doc2）、没有时间进大佛寺；只有在 D3 晚上到张掖较早（19:00 前）或改行程时才有机会。sheet 版本的住宿之一是""如家商旅（张掖高铁西站大佛寺店）""（来源：sheet）、…","市区柏油路。","满格。","建议放弃（本次）","顺路可去（仅在 D3 晚上有余量时）","D3 晚 变体","",""
"嘉峪关关城 · 悬臂长城 · 天下第一墩（三景通票）","嘉峪关文物景区、嘉峪关关城、悬壁长城（明嘉靖十八年建）、长城第一墩（讨赖河墩）。","嘉峪关","遗址/古迹/关隘","0","110","","1700","4.5-5h","下午 14:00—17:00 拍关城城楼正面或侧面（来源：doc1 机位表）；悬壁长城看晚霞（来源：doc3实走""晚霞还可以""）。9 月底—10 月初特别说明：本次 D4（9.28）行程是""张掖→七彩丹霞→嘉峪关方向路过→敦煌""、doc2 明确写""嘉峪关可远观""、只在此地""14:00 嘉峪关/酒泉午…","G30 连霍高速 + 市区路、轿车无压力。三景相距十几公里、必须自驾或包车（来源：doc3实走、research/B）。","满格。","🌟🌟 / 🌟🌟🌟","顺路可去（本次行程建议只远观/午餐、不进三景）","D4（本次仅路过）","","https://www.163.com/dy/article/KUVS602A0556M7YV.html"
"莫高窟","千佛洞、敦煌石窟。","敦煌","石窟/寺庙","0","238","","1100","3-4h","拍九层楼外景 09:00—11:00、45° 角、标准镜头（来源：doc1 机位表）。9 月底—10 月初特别说明（本册最重要的一条）： - 预约规则：提前 30 天在""莫高窟参观预约网""官方公众号 07:00 开抢（来源：research/B）。 - research/B 明确预警：10 月 1…","柏油路、轿车无压力。","满格。窟区禁飞无人机（来源：doc2）。","🌟🌟🌟🌟 / 🌟🌟🌟🌟🌟","必去（全线灵魂、不可替代）","D5","","https://www.dha.ac.cn/info/1020/7498.htm"
"鸣沙山 · 月牙泉","沙岭晴鸣、沙漠第一泉（月牙泉）。","敦煌","沙漠绿洲","0","110","","1650","4-8h","黄昏 19:30—20:00 拍沙脊剪影、长焦（来源：doc1 机位表）；18:00 后入园避暑（来源：research/B）。 - 万人星空演唱会：research/B 记约 21:30 开始（来源：research/B）；doc3 一手实走记 20:00（8 点）开始（来源：doc3实走）。存在…","市区柏油路。看演唱会时建议把车停得离景区稍远一点（来源：doc3实走、避免散场堵死）。","满格（演唱会时可能拥堵）。","🌟🌟🌟🌟🌟 / 🌟🌟🌟🌟🌟","必去（全线体验第一）","D5","","https://elephant-trip.com/dunhuang-mingsha-moon-spring-guide-concert-route-price/"
"沙洲夜市","敦煌沙洲夜市、敦煌夜市。","敦煌","城镇/夜市/美食","0","0","","1139","1-1.5h","20:00 后（来源：doc2 时间线""20:00 沙洲夜市""）。9 月底—10 月初特别说明：若当晚看鸣沙山演唱会（到 22:00）、夜市要顺延到 22:30 之后、或改为演唱会前先吃。doc3 的实际做法是演唱会 9 点提前退场（来源：doc3实走）、退场后正好赶夜市。","市区、建议步行或打车。","满格。","顺路强烈推荐","顺路强烈推荐（住宿就在旁边、零成本）","D5","",""
"阿克塞石油小镇（博罗转井影视基地）","博罗转井镇、阿克塞老城、九层妖塔取景地、石油小镇遗址。","阿克塞","遗址/古迹/关隘","1","30","","3000","1h","正午到下午均可、阴天/黄昏废墟感更强。9 月底—10 月初特别说明：本次排在 D6（9.30）中午、正好当午餐点。当地风大、中午气温尚可。","G215 柏油路直达、镇内为老柏油+砂石路、轿车可进但慢行。","有信号（较弱）。","顺路可去（doc2：可略）","顺路可去（30 元、1 小时、零绕路）、但对废墟审美无感的人建议直接放弃","D6","","https://you.m.autohome.com.cn/details/229963/"
"当金山垭口","当金山口、当金山达坂。","甘青界","垭口/山口","0","0","","3648","15-30min","全天。9 月底—10 月初特别说明：doc2 明确警告""9 月底—10 月祁连、昆仑山口、当金山垭口可能降雪封路、关注'青海交通'公众号预警""（来源：doc2）。出发前一天务必查路况。","柳格高速/G215 柏油盘山路、路况好。doc2 限速警告：当金山盘山限速 40—60；下坡用发动机降挡控速；翻过垭口后戈壁""路太好""是全程最易超速的路段（来源：doc2）。","垭口附近弱信号或无信号。","顺路强烈推荐","必经、顺路强烈推荐停 15 分钟","D6","",""
"苏干湖（大苏干湖）","大苏干湖、小苏干湖（两湖并称）。","阿克塞","湖泊","1","0","","2795","30min","上午光线好。9 月底—10 月初特别说明：正值候鸟南迁季、湖上鸟类相对多；但保护通告执行更严。","G215 柏油路观景；通往湖边的支路为砂石土路且已禁止进入。","信号差（来源：research/A）。","顺路可去（远观）","顺路可去（停 20—30 分钟远观即可）","D6","","https://m.sohu.com/a/1058916912_121106869/"
"黑独山","黑山戈壁、水墨黑独山、火星黑山。","大柴旦西北","山岳/雪峰","1","0","","3200","1-2h","正午顶光反而适合表现黑白反差；阴天最像水墨。9 月底—10 月初特别说明：秋季风极大、doc3 一手记录""空旷、有风沙、迎面过来有小型沙尘暴的感觉、有点吓人""（来源：doc3实走）。10 月初风更硬、无人机慎飞。","主路为柏油/砂石路、轿车可到外层观景处；进入内层需走非铺装土路、建议 SUV、且 doc3 团队因""路远不想进""而放弃（来源：doc3实走）。","弱或无信号。","🌟🌟 / 🌟（""不值""）","顺路可去、但优先级低；若当天时间紧张、建议放弃","D6","",""
"大柴旦翡翠湖","大柴旦盐湖、翡翠湖景区（原大柴旦化工厂盐湖采矿队采矿区）。","大柴旦","盐湖","0","50","60","3150-3170","2h","doc1 机位表：10:00—14:00、无风时的镜面倒影、需偏振镜（来源：doc1）；doc3 实走是傍晚 17:30—19:30、也拍到了好片（来源：doc3实走）。9 月底—10 月初特别说明：本次排在 D7（10.1）早上 08:00—09:30（来源：doc2）——清晨风最小、镜面最稳、且…","柏油路直达景区、轿车无压力。景区内步道+小火车。","很好、有信号（来源：research/A）。","🌟🌟🌟🌟 / 🌟🌟🌟🌟","必去","D7","",""
"乌素特水上雅丹","乌素特雅丹地质公园、水上魔鬼城、""戈壁滩上的碧玉""。","大柴旦","雅丹地貌","0","60","60","2800","1.5-2h","doc1 机位表：15:00—18:00、观景台俯瞰角度、广角镜头（来源：doc1）。9 月底—10 月初特别说明：本次排在 D7（10.1）11:30—13:30（来源：doc2）、是顶光时段、颜色会偏平。若想按 doc1 的最佳光线、需要把翡翠湖和水上雅丹的顺序对调、但那会打乱后面的 U 型公路…","G315 柏油路 + 景区专用道、轿车无压力；景区内必须坐观光车。","很好、有信号（来源：research/A）。","🌟🌟🌟 / 🌟🌟🌟","顺路可去（不是必去）","D7","","https://post.m.smzdm.com/p/ad74ke5n/"
"东台吉乃尔湖","上帝的蓝眼泪、高原上的马尔代夫、青海马尔代夫。","柴达木","湖泊","1","0","","2680","0.5-1.5h","傍晚夕阳时段（doc3 一手结论）——""走到湖边借助夕阳余晖、地面和湖面都像镜子一样非常纯净、看到了七彩的颜色、以为是到了冰岛""（来源：doc3实走）。9 月底—10 月初特别说明：本次 doc2 行程并未把东台吉乃尔湖单独列为停靠点（D7 是翡翠湖→水上雅丹→U 型公路→格尔木）、但它就在 G31…","主线柏油路直达、普通轿车无压力（来源：research/A）；但 doc3 一手记录""不是景区、路上破破烂烂的""（来源：doc3实走）、指的是从主路下到湖边的支路。SUV 更从容。","有信号（来源：research/A）。","🌟🌟🌟🌟 / 🌟🌟🌟🌟🌟","必去（本册最强推荐之一）","D7","","https://post.m.smzdm.com/p/a3mon6zd/"
"G315 U 型公路（网红公路）","U 型公路、天空之镜公路、青海版 66 号公路、网红公路。","柴达木","公路景观","0","0","","3000","20min","日出/日落低角度光线时立体感最强。9 月底—10 月初特别说明：本次排在 D7（10.1）15:00（来源：doc2）、顶光偏平；且国庆期间此处违停车辆和执法都会明显增多。","G315 柏油路、路面一直起伏不平、U 型一段接着一段（来源：doc3实走）。轿车可走但注意悬挂与车速；限速 80、全程测速（来源：doc2）。","弱（来源：doc2""全程信号弱、下离线地图""）。","噱头大于观赏","顺路可去（20 分钟、仅在观景台）","D7","",""
"察尔汗盐湖","察尔汗（蒙古语""盐泽/盐的世界""）、万丈盐桥。","格尔木","盐湖","0","60","40","2680","2-2.5h","上午 10:00—13:00 阳光直射时绿色最饱和。9 月底—10 月初特别说明：本次排在 D9（10.3）09:30—12:00（来源：doc2）、时段合适。doc2 特别提示""察尔汗最晒""（来源：doc2）——10 月初紫外线依然极强。","G3011 + 盐湖景区道路、柏油路、轿车无压力；景区内必须换乘大巴。","很好、有信号（来源：research/A）。","🌟🌟🌟🌟🌟 / 🌟🌟🌟🌟","必去","D9","","https://touch.travel.qunar.com/poi/3864441?_t=t"
"昆仑山深度段：无极龙凤宫 / 不冻泉 / 昆仑山口 / 玉珠峰 / 西王母瑶池","昆仑山口（昆仑山垭口）、玉虚峰/玉珠峰、瑶池（黑海）、昆仑神泉（不冻泉）。","格尔木南","高原山口综合线路","1","0","","4767","全天","上午光线好且午后易起风雪。9 月底—10 月初特别说明：doc2 明确警告""昆仑山口全程最高、可能降雪、查 G109 路况、买氧气瓶""（来源：doc2）；本次排在 D8（10.2）。此时昆仑山口已可能下雪、出发前查""青海交通""路况、并在格尔木买好氧气瓶。","G109 为柏油国道、但大货车极多、且冻土层造成波浪路严重、驾车易""起飞""、需谨慎（来源：准哪去 转引 research/A）。 - 西王母瑶池支线路况极差、需涉水和走碎石荒路、限越野车/SUV（来源：research/A、doc2""瑶池支线需 SUV""）。若租的是轿车、瑶池必须放弃。","G109 沿线断续有信号；瑶池支线基本无信号。","必去（灵魂）","必去（research/A 结论","D8","","https://www.zhunaqu.com/beijing/article/18418"
"德令哈（海子诗歌陈列馆 / 巴音河）","德令哈市（海西州首府）、""雨水中一座荒凉的城""。","德令哈","城镇/夜市/美食","0","0","","2980","0.5-1h","傍晚沿巴音河散步。9 月底—10 月初特别说明：本次 D9（10.3）17:00 抵达德令哈（来源：doc2）、陈列馆 17:30 关门、大概率赶不上。若一定要去、需把察尔汗压缩 40 分钟、或改在 D10 早上出发前（但 D10 08:00 就要走、仍然不开门）。现实结论：本次行程只能逛巴音河、陈…","市区柏油路。","市区满信号（来源：research/A）。","必经住宿点","必经住宿点；市区景点属""顺路可去""","D9","","https://www.trip.com/travel-guide/attraction/delingha/haizi-poetry-exhibition-hall-38419172"
"茶卡盐湖","天空之镜、茶卡（藏语""盐池""）。","乌兰","盐湖","0","60","50","3059","2h","doc1 机位表：07:00—09:00 无风镜面、需要下水（穿鞋套）、广角+超广角（来源：doc1）； - doc2 则记""茶卡依赖天气、下午光线好""（来源：doc2）。两说冲突、存在差异——共识是""必须无风、必须晴天""。 - 9 月底—10 月初特别说明：本次排在 D10（10.4）11:30—…","G315 柏油路直达、轿车无压力。","有信号。","条件性放弃","顺路可去、但可放弃（条件性）","D10","",""
"青海湖（二郎剑 / 仙女湾 / 环湖西路 / 尕海 / 黑马河日出 / 东格尔观景台 / 尕日拉寺）","措温布（藏语""青色的海""）、天上湖泊、西海。","海南/海北","湖泊","0","0-100","","3196","3h","doc1 机位表：仙女湾 16:00—18:00、湖边栈道延伸处、广角+人像（来源：doc1）。 - 黑马河日出是青海湖的经典项目（需前一晚住黑马河）。 - 9 月底—10 月初特别说明：本次 D10（10.4）15:30 才到环湖西路（来源：doc2）、正好卡在 doc1 的最佳时段边缘、但doc…","G109/环湖西路均为柏油路、轿车无压力。doc2 限速警告：青海湖环湖 G109（倒淌河—黑马河、尤其江西沟—黑马河）测速严（来源：doc2）。doc3 一手提示""路上很多牛羊""（来源：doc3实走）——牛羊随时上路、必须减速。","环湖主要路段有信号。","🌟🌟🌟🌟 / 🌟🌟🌟🌟","必去（但按""免费观景台为主、景区为辅""的方式玩）","D10","",""
"德令哈琉璃湖（奶子湖）","奶子湖、牛奶湖、琉璃白湖、琉璃海、奶子河（来源：research/A、搜狐）。","德令哈秘境","湖泊","1","0","","3000-3400","湖边 2—3h（含往返 5—7h）","季节：6—9 月（来源：research/A）。 - 时段：上午 10 点前或下午 4 点后到达、避开正午顶光；光线斜射时湖水呈现梦幻的""蒂芙尼蓝""（来源：research/A）。 - 9 月底—10 月初特别说明：本次行程时间（10.3—10.4 经过德令哈）已在推荐季节的尾巴上。10 月初高原早…","最后一段为碎石、戈壁搓板路、坡度较大且有涉水点、强烈建议越野车或四驱 SUV、不建议轿车进入（来源：微博 转引 research/A）。 - 需行驶约 1 个多小时的碎石路、车辆需具备一定越野性能（来源：什么值得买）。 - 一手网友警告最直白：""路面颠簸、容易晕车；轿车千万不要来、要爬山涉水、沿途看…","进入山谷后无信号、必须提前下载离线地图（来源：什么值得买）；另有记录称""湖区部分区域手机无信号""（来源：头条）。","强烈推荐（限四驱）","顺路强烈推荐（仅限四驱 + 晴天 + 有大半天）","D9/D10 加插、需 1 整天","需绕路：德令哈往返约 200—260km / 5—7h","https://post.m.smzdm.com/p/axkexmvd/"
"哈拉湖","黑海、青海第二大湖（来源：research/A）；被媒体称为""地球最后一滴眼泪""（来源：搜狐）。","德令哈秘境","湖泊","1","0","","4100-4300","至少 1.5—2 天","季节：6—9 月、避开大雪期（来源：research/A）。 - 9 月底—10 月初特别说明（决定性）：本次行程 10 月初经过德令哈、已经越过推荐季节。祁连山腹地 10 月初随时可能降雪、湖区昼夜温差极大——夏季夜间就已是 -5 至 0℃（来源：搜狐）、10 月初只会更冷。这是""建议放弃""的第一…","总体评级：极度恶劣。 南线多搓板路和乱石滩、需翻越三个 4000m 以上达坂；东线天峻段虽有部分柏油路、但冻土沉降导致波浪路严重。必须硬派越野车（4x4）、单车严禁进入（来源：有驾 转引 research/A）。 - 沿途 80% 以上是戈壁沙石路、草原沼泽岔路、河床冲击路段（来源：头条）。 - 南…","全程基本无信号、必须携带卫星电话或北斗盒子（来源：新浪 转引 research/A）。","建议放弃（本次）","建议放弃","不建议纳入","需绕路：德令哈往返约 400km+ / 1.5—2 天","https://www.wingontravel.com/discovery/scenic-hala-lake-22866364"
"茫崖冷湖 · 琉璃之境（如意湖）","琉璃之境、如意湖、冷湖琉璃湖。","茫崖冷湖火星带","湖泊","1","","20","2800-3000","1—1.5h","正午前后颜色最饱和。9 月底—10 月初特别说明：本次行程不经过、无需考虑；若做茫崖变体、10 月初风大、注意保暖。","柏油路可达景区入口、轿车可行。","冷湖镇附近有信号。","需专门绕路","需专门绕路（本次放弃）","变体（茫崖线）","需绕路：整个茫崖变体往返 4—6 天","https://hk.trip.com/moments/poi-liuli-realm-ruyi-lake-152777219/"
"艾肯泉（恶魔之眼）","恶魔之眼、艾肯泉、""大地之眼""。","茫崖冷湖火星带","地质奇观/泉","1","20","","2900","1—1.5h","正午顶光时""眼睛""的色彩层次最清晰（航拍需要垂直光）。9 月底—10 月初特别说明：本次行程不经过。","土路、轿车可通行但灰尘极大且多小坑（来源：research/A）。","弱信号。","必去（若走茫崖线）","需专门绕路（本次放弃）；茫崖变体下为该片区第一必去","变体","需绕路：同上、4—6 天","https://hk.trip.com/moments/theme/poi-aiken-spring-92265468-food-993052/"
"俄博梁雅丹 / 火星营地","俄博梁雅丹群、火星一号公路、冷湖火星营地。","茫崖冷湖火星带","雅丹地貌","1","0","","3200","半天—1 晚","日落与夜间星空是核心；正午光线平、雅丹层次弱。9 月底—10 月初特别说明：本次行程不经过；若做变体、10 月初夜间接近冰点、住太空舱需厚睡袋级保暖。","火星一号公路全线为砂石路、搓板感极强、底盘较低的轿车容易托底、建议 SUV 或越野车（来源：大象旅行 转引 research/A）。","无信号、火星营地有微弱 WiFi 或卫星信号（来源：research/A）。","需专门绕路","需专门绕路（本次放弃）","变体","需绕路：同上、4—6 天","https://ae.trip.com/moments/poi-mars-camp-90411878/"
"冷湖石油小镇遗址","冷湖四号公墓、冷湖老基地、石油小镇遗址。","茫崖冷湖火星带","遗址/古迹/关隘","1","0","","2800","1h","黄昏最有氛围。9 月底—10 月初特别说明：本次行程不经过。","柏油路+砂石支路、轿车可达主要点位。","镇区有信号、遗址区弱。","顺路可去（茫崖线）","需专门绕路（本次放弃）","变体","需绕路：同上；茫崖变体下顺路",""
"赛什腾山天文台（冷湖天文观测基地）","冷湖天文观测基地、赛什腾山。","茫崖冷湖火星带","博物馆/展馆","1","0","","4200","远眺 30min","黄昏远眺圆顶剪影；夜间是全国最好的观星地之一。9 月底—10 月初特别说明：本次行程不经过。","山脚公路状况良好；通往天文台的盘山公路受管制（来源：research/A）。","弱。","顺路远眺","需专门绕路（本次放弃）","变体","需绕路：同上","https://baike.baidu.com/item/%E5%86%B7%E6%B9%96%E5%A4%A9%E6%96%87%E8%A7%82%E6%B5%8B%E5%9F%BA%E5%9C%B0/63457464"
"西台吉乃尔湖","西台湖、双色湖。","柴达木主线","湖泊","1","0","","2700","30—60min","正午到下午、阳光直射时双色对比最明显。9 月底—10 月初特别说明：本次 D7（10.1）走 G315 时必经、建议在去水上雅丹的路上停 30 分钟。","柏油路直达、普通轿车无压力（来源：research/A）。","有信号（来源：research/A）。","顺路强烈推荐","顺路强烈推荐","D7","零绕路",""
"一里坪","一里坪盐湖、一里坪矿区。","柴达木主线","盐湖","1","0","","2700-2800","30min","正午到下午。9 月底—10 月初特别说明：本次 D7 若时间富余可顺路停靠。","柏油路、轿车可行（来源：research/A）。","有信号（来源：research/A）。","顺路可去","顺路可去","D7","零绕路",""
"南八仙雅丹","南八仙魔鬼城、南八仙雅丹群。","柴达木主线","雅丹地貌","1","0","","2800","1h（仅路边）","日出/日落斜光时雅丹的立体感最强。9 月底—10 月初特别说明：本次 D7 途经 G315、可按时间决定。","柏油路可到边缘、信号弱（来源：research/A）；深入需走非铺装土路、建议 SUV。","信号弱（来源：research/A）。","顺路可去（易迷路）","顺路可去（只在边缘停留）","D7","零绕路（深入需越野、不建议）","https://elephant-trip.com/%E5%8D%97%E5%85%AB%E4%BB%99%E9%AD%94%E9%AC%BC%E5%9F%8E/"
"小柴旦湖","小柴旦盐湖。","柴达木主线","湖泊","1","0","","3150","30min","清晨无风时雪山倒影最完整。9 月底—10 月初特别说明：本次 D6（9.30）傍晚或 D7（10.1）清晨路过大柴旦时可顺路停靠、清晨优先。","高速旁、柏油路可达、轿车无压力（来源：research/A）。","有信号（来源：research/A）。","顺路强烈推荐","顺路强烈推荐","D6/D7","零绕路","http://m.toutiao.com/group/7673272006867124780/"
"鱼卡","鱼卡镇、鱼卡丹霞。","柴达木主线","城镇/夜市/美食","1","0","","3100","20min","黄昏侧光时红层山体最艳。9 月底—10 月初特别说明：本次 D6 从敦煌方向进大柴旦时可顺路。","柏油路、轿车无压力。","弱—中等。","顺路可去","顺路可去（功能性大于观赏性）","D6","零绕路",""
"柏树山","柏树山国家森林公园、德令哈柏树山。","柴达木主线","山岳/雪峰","1","0","","3000-3500","1—2h","上午或黄昏。9 月底—10 月初特别说明：本次 D9（10.3）17:00 到德令哈后、若天色尚早可上山看日落；10 月初山上明显更冷。","较好、轿车可达主景区（来源：research/A）；徒步难度低、新手可冲（来源：什么值得买）。但注意：往琉璃湖/哈拉湖方向的深处路段完全不同、为碎石搓板路、需四驱。","较好、有信号（来源：research/A）。","顺路可去（琉璃湖入口）","顺路强烈推荐（若住德令哈）","D9/D10","微绕路：德令哈市区往返约 20km / 0.5h","https://post.m.smzdm.com/p/a5rn8zp3/"
"可鲁克湖 · 托素湖","柯鲁克湖、情人湖、""夫妻湖""。","柴达木主线","湖泊","1","60","","2800","1.5—2h","清晨看鸟、黄昏看托素湖的荒凉。9 月底—10 月初特别说明：本次 D9（10.3）从格尔木到德令哈途中或 D10 出发前可顺路；10 月初芦苇转金黄、是可鲁克湖一年中最好看的时候。","柏油路直达、轿车无压力。","有信号。","顺路可去","顺路可去","D9/D10","零绕路","https://post.m.smzdm.com/p/a5rn8zp3/"
"外星人遗址 / 白公山","白公山铁管、外星人遗址。","柴达木主线","遗址/古迹/关隘","1","0","","2800","1h","全天。9 月底—10 月初特别说明：出发前必须确认是否开放、否则白跑。","路极烂（来源：research/A）、建议 SUV。","无信号（来源：research/A）。","2026 多数时间关闭","建议放弃","D10 变体","微绕路：托素湖侧约 20—30km / 1h","https://weitoutiao.zjurl.cn/rogue/topic_share/?concern_id=1636873458546695"
"格尔木胡杨林","格尔木胡杨林景区、托拉海胡杨林。","柴达木主线","沙漠绿洲","1","50","","2700-2800","1.5—2h","【本册最强时令匹配】10 月上旬（国庆期间）是最佳全盛期（来源：头条 转引 research/A）。本次行程 D8（10.2）在格尔木整天、D9（10.3）从格尔木出发——时间点完美吻合。上午或黄昏斜光拍金叶最佳。","较好、柏油路、轿车无压力（来源：research/A）。","有信号（来源：research/A）。","顺路强烈推荐（10月上旬全盛）","顺路强烈推荐（时令完美匹配）","D8/D9","需绕路：格尔木往返约 100km / 2—3h","http://m.toutiao.com/group/7642539914936042018/"
"冰沟丹霞","冰沟丹霞景区、窗棂状宫殿式丹霞、张掖丹霞地质公园冰沟园区（来源：research/B、重庆青旅）。","张掖·肃南·山丹","丹霞地貌","1","40","20","2200-2500","2—3h","10 月初上午光线较好、利于拍摄岩石阴影质感（来源：research/B）；黄昏侧光时""卢浮魅影""""大地之根""等标志性岩体轮廓最立体。 - 9 月底—10 月初特别说明：本次若排进 D3 傍晚抵张掖前或 D4 上午出发前均可。更推荐 D4 早上 07:00 开门即入、9:30 前离开——既避开团队大…","全程柏油路、普通轿车无压力；景区内 10km 观光线由观光车覆盖、私家车不能进核心区（来源：携程）。","有信号（景区已成熟运营、停车场与游客中心均有覆盖）。","顺路可去","顺路可去","D4 变体","微绕路：约 15—30min","https://club.m.autohome.com.cn/bbs/thread/1f63f0d40e9069e2/115670458-1.html"
"平山湖大峡谷","张掖平山湖大峡谷、平山湖峡谷、Ping Shan Lake Valley（来源：甘肃丝绸之路国旅）。","张掖·肃南·山丹","峡谷","1","130","","2000","4—5h","10 月初午后至黄昏、峡谷岩壁被照亮时最震撼（来源：research/B）。 - 9 月底—10 月初特别说明：本次只有 D3 傍晚抵张掖后的次日（D4）上午能排、但 D4 要跑 580km 到敦煌——两者几乎不可能兼得。若真的想去、只有""张掖多住一晚""这一条路。","市区到景区为柏油路、轿车可达；景区内深度游线路需换乘越野车与骆驼车（来源：Trip Moments）、自驾车不进核心区。","景区入口与观景台有信号；峡谷底部信号弱。","需专门绕路","需专门绕路 4—6h、本次建议放弃；13 天则强烈推荐","D4 变体","需绕路：张掖往返约 112km / 4—6h","https://www.zhangye.gov.cn/chzy/zyly/ajjq/202303/t20230318_1007461_ghb.html"
"马蹄寺石窟","马蹄寺石窟群、马蹄石窟群旅游区、马蹄寺风景名胜区（含北寺、南寺、金塔寺、千佛洞等）。","张掖·肃南·山丹","石窟/寺庙","1","90","","2500","3—4h","上午入园最好——三十三天石窟内部通道极窄、下午团队大巴到达后会严重拥堵。 - 9 月底—10 月初特别说明：马蹄寺位于 G213（祁连 9 号公路）进入张掖的方向上、因此它是 D3（肃南→张掖）最顺路的加点、比冰沟、平山湖都更契合本次动线。10 月初祁连山北麓草甸转黄、石窟外的雪山—草原背景正好。…","张掖—马蹄寺为柏油路、轿车可达；从 G213 肃南方向过来同样是铺装路。景区内各点之间距离较远、区间车基本是必需品。","景区内有信号；三十三天石窟内部通道无信号（岩体屏蔽）。","需专门绕路","顺路强烈推荐（D3 加插）","D3/D4 变体","微绕路：张掖往返约 130km / 3—4h","https://hk.trip.com/moments/detail/sunan-1446174-143430064/"
"山丹军马场","大马营草原、山丹马场、中牧山丹马场（分总场与一场至五场、来源：去哪儿）。","张掖·肃南·山丹","草原/牧场","1","65","20","2600-3000","半天","6—9 月是最佳季节（来源：张掖本地宝）；7—8 月油菜花与草原最盛（来源：大河票务）。 - 9 月底—10 月初特别说明（决定性）：本次出行时间已完全越过最佳季节。10 月初草原已枯黄、马群多已收拢入圈、""万马奔腾""是旅游宣传片里的场景、不是国庆能看到的实况。这是本条目""建议放弃""的核心理由。","主路为柏油路、轿车可达核心景区；深入各分场的牧道为砂石路、需 SUV。有资料称部分区域""目前只接受徒步或骑马游客、机动车无法入内""（来源：租租车）——存在差异、出行前致电 0936-2891022 确认。","场区主路有信号；深入草原后弱。","需专门绕路","建议放弃（10 月初错季）","变体","需绕路：张掖往返约 200km / 5h+","https://www.shandan.gov.cn/gysd/whly/jq/202601/t20260119_1499807.html"
"焉支山","胭脂山、删丹山、大黄山（""焉支""即胭脂、古匈奴语音译）。","张掖·肃南·山丹","山岳/雪峰","1","45","","2200-3000","2—3h","夏季（6—8 月）森林最盛；9 月底—10 月初是彩林期、青海云杉的深绿与桦树的金黄叠在一起、是本片区少有的""秋色""点。 - 9 月底—10 月初特别说明：本次 D3 傍晚才到张掖、D4 一早要走、没有时间窗口。焉支山属于""如果在张掖多住一天、且不想爬平山湖天梯""的备选。","柏油路直达景区停车场、轿车无压力；景区内为步道、不能自驾。","有信号。","无一手数据。","需专门绕路 4h+、本次建议放弃","—","需绕路：往返 4h 以上","https://www.shandan.gov.cn/gysd/whly/jq/202601/t20260119_1499805.html"
"张掖国家湿地公园","张掖湿地公园、黑河湿地、张掖国家城市湿地公园（来源：张掖市人民政府）。","张掖·肃南·山丹","草原/湿地","1","0","","1480","1h","清晨与黄昏光线最柔、鸟最活跃。 - 9 月底—10 月初特别说明：秋季金黄芦苇是它最好的时候（来源：甘肃文旅导览）。本次 D3 傍晚抵达张掖后、是唯一一个""不需要额外安排半天、饭后就能去""的景点。","市区柏油路、任何车型无压力。","满格（市区）。","无一手数据（doc3 团队在张掖只安排了七彩丹霞）。","顺路强烈推荐（D3 傍晚零成本）","D3","零绕路（张掖市区北侧）","https://www.zhangye.gov.cn/chzy/zyly/ajjq/202303/t20230318_1007460.html"
"玉门关","小方盘城、玉门关遗址景区（联票含玉门关、汉长城、河仓城三处、来源：中国南方航空 · 敦煌旅游攻略）。","敦煌·瓜州","遗址/古迹/关隘","1","40","","1100-1200","1—1.5h","黄昏（17:30—19:00）斜光打在夯土墙上最出片、也最凉快；清晨次之。 - 9 月底—10 月初特别说明：新的闭园时间延到 19:30（来源：澎湃新闻）、这意味着可以下午出发跑西线、把玉门关放在返程的黄昏。本次 D5（9.29）若安排西线、推荐顺序：下午出发 → 玉门关 → 雅丹魔鬼城看日落 →…","S314 全程柏油路、路况极好、车少笔直、普通轿车无压力。但沿途 90km 无加油站、无服务区、出发前在敦煌加满油。","景区有信号但较弱；有攻略明确提醒""cell service is dead at the pass""（来源：GoChinaCompass）——建议提前下载电子票 PDF 与离线地图…","顺路可去","顺路强烈推荐（作为西线一日的一部分）","D5/D6 变体","需绕路：敦煌往返约 180km / 3h（与雅丹共用）","https://m.thepaper.cn/newsDetail_forward_33821175"
"阳关","阳关景区、敦煌阳关博物馆、古董滩。","敦煌·瓜州","遗址/古迹/关隘","1","50","20","1200","1.5h","傍晚光线柔和、烽燧与戈壁的层次最好。 - 9 月底—10 月初特别说明：本次 D5 敦煌全天、在""阳关""和""玉门关+雅丹""之间必须二选一——优先选后者、因为玉门关+雅丹是一条线上的两个点、性价比明显更高。","全程柏油路（X215/阳关大道方向）、轿车无压力。","有信号（距市区较近、沿途有村庄与葡萄园）。","顺路可去","顺路可去 / 本次建议放弃（与玉门关+雅丹二选一）","D5/D6 变体","需绕路：敦煌往返约 140km / 2h+","https://www.dhygbwg.com/index.html"
"敦煌雅丹国家地质公园（魔鬼城）","敦煌魔鬼城、雅丹世界地质公园、三垄沙雅丹。","敦煌·瓜州","雅丹地貌","1","50","70","900-1000","2.5—3h","日落前 1.5 小时进园、是唯一正确答案——正午顶光下雅丹是灰白色的、日落时才会变成橙红。 - 9 月底—10 月初特别说明：10 月初敦煌日落约 19:00—19:20。从敦煌市区出发需 2.5—3 小时、因此最晚 15:00 必须发车。 返程夜路 180km、建议由两名司机轮换、并注意路上有野生…","S314 全程柏油路、笔直、车少、路况优秀、轿车完全无压力；但景区内部必须换乘观光车、私家车禁入。","景区内信号弱到无；S314 沿线大段无信号。必须提前下载离线地图、并在敦煌加满油。","需专门绕路","顺路强烈推荐（若 D5 跑西线）；要么不去要么留半天","D6 变体","需绕路：敦煌往返约 360km / 5—6h","http://lz.bendibao.com/tour/202362/61485.shtm"
"西千佛洞","敦煌西千佛洞（因位于莫高窟以西而得名、莫高窟又名千佛洞）。","敦煌·瓜州","石窟/寺庙","1","30","","1200","1—2h","上午光线较好、且团队少。 - 9 月底—10 月初特别说明：它最大的价值是""莫高窟 A 票抢不到时的替代方案""。research/B 明确指出莫高窟 A 票需提前 30 天在公众号 07:00 抢、国庆必须卡点秒杀（来源：research/B）——若 9 月 1 日没抢到 A 票、只拿到 B 票（4…","G215 国道柏油路、轿车无压力；停车场到窟区需走一段下坡台阶（在党河河岸崖壁上）。","有信号。","无一手数据。","顺路可去；若莫高窟只拿到 B 票则升级为强烈推荐","D5—D6","微绕路：敦煌往返约 70km / 1.5h","http://www.dha.ac.cn/skxl/xqfd.htm"
"榆林窟（瓜州）","万佛峡、瓜州榆林窟。","敦煌·瓜州","石窟/寺庙","1","40","","1400","1.5—2h","上午到达最好（16:30 停止售票是硬约束）。 - 9 月底—10 月初特别说明：本次 D4（9.28、张掖→敦煌） 会经过瓜州、但 D4 本身已是 580km 的长途日。若要加榆林窟、等于当天再加 2—2.5 小时、抵达敦煌将超过 21:00。更合理的做法是：把榆林窟放到 D5 或 D6、从敦煌单…","瓜州出口下高速后为省道/县道、柏油路、轿车可达；最后一段进峡谷的路较窄、注意会车。","峡谷内信号弱。","需专门绕路","顺路强烈推荐（若 D4 能挤出 2.5h）","D4 变体","需绕路：G30 主线往返约 140km / 2—2.5h","https://www.dha.ac.cn/skxl/ylk.htm"
"锁阳城","锁阳城遗址、苦峪城、瓜州故城。","敦煌·瓜州","遗址/古迹/关隘","1","50","","1300","1h","黄昏斜光时夯土城墙的体积感最强。 - 9 月底—10 月初特别说明：本次 D4 途经瓜州、但它的优先级低于榆林窟与大地之子。若三选一、锁阳城通常是被舍弃的那个——因为遗址的""信息量""高度依赖讲解、走马观花只会看到一圈土墙。","柏油路 + 最后一段景区道路、轿车可达。","弱（戈壁腹地）。","需专门绕路","顺路可去 / 本次建议放弃（优先榆林窟）","D4 变体","需绕路：G30 主线往返约 120km / 2h","https://www.wlj.jiuquan.gov.cn/wlj/c106743/202604/38c906fe13a84c05a6b651bf1b03807a.shtml"
"瓜州大地之子 / 无界雕塑群","戈壁国际雕塑艺术长廊、瓜州雕塑艺术走廊（含《大地之子》《无界》《风语者》《汉武雄风》《戈壁方舟》等、来源：甘肃文旅 · 丝绸之路（敦煌）国际文化博览会）。","敦煌·瓜州","遗址/古迹/关隘","1","0","","1200","40—60min","日出与日落时分光影变幻最具感染力（来源：携程）——红砂岩在斜光下会变成暖橙色。 - 9 月底—10 月初特别说明：本次 D4（9.28）张掖→敦煌途中、午后经过瓜州、正好是光线开始变斜的时候。这是本片区唯一一个""不需要为它改行程""的点。","下高速后为省道、柏油路、轿车无压力；雕塑周边有硬化停车区（来源：穷游）。","有信号但较弱（戈壁开阔地）。","doc2：可略","顺路强烈推荐（必停）","D4","微绕路：G30 瓜州南出口往返约 30—45km / 40—50min","https://www.gswbj.gov.cn/a/2024/04/18/20167.html"
"扁都口","大斗拔谷（古称）、扁都口生态休闲旅游景区。","祁连山·门源","垭口/山口","1","0","","2600","30—60min","7 月中下旬油菜花期是它的绝对高光、此时整条河谷金黄；其余季节观赏价值大幅下降。 - 9 月底—10 月初特别说明：双重不适合——① 花期已过、只剩收割后的田地；② 道路封闭至 2027 年 7 月 31 日（来源：今日头条）。本次行程直接排除。","2026 年 5 月 1 日—2027 年 7 月 31 日全封闭施工、不可通行（来源：今日头条）。替代路线：张掖↔祁连必须改走 G213（祁连山 9 号公路）。","（封闭中、不适用）峡谷段历史上信号一般。","查封路（G227 段封闭至2027）","本次建议放弃（封闭 + 错过花期）","备用绕行","道路封闭（2026-05-01 至 2027-07-31）","http://m.toutiao.com/group/7632270477255410239/"
"黑河大峡谷","祁连黑河大峡谷、百里画廊。","祁连山·门源","峡谷","1","0","","2900-3400","2h","秋季黄昏是最佳取景时段（来源：百度百科）。 - 9 月底—10 月初特别说明：这正是黑河大峡谷一年中最好的时候——草甸转金黄、山顶初雪、光线低角度。本次 D8—D9 在祁连停留期间可安排半天、或在 张掖→祁连改道 G213 时顺路经过。","这是本片区路况风险最高的点。① 携程明确提示""这一带路况一般、开车要多注意""（来源：携程）；② 部分路段需四驱车辆通行（来源：百度百科）；③ 自驾攻略特别警告""黑河大峡谷等临崖弯道段要警惕碎落石风险、高边坡路段别长时间逗留拍照、尤其雨后/大风后更要快通过""（来源：今日头条 · 祁连山九号公路自驾攻略…","峡谷内信号差到无（有 70 公里无人区、来源：马蜂窝）。","顺路可去","顺路强烈推荐（只走铺装观景段、不深入）","D3 变体","微绕路：八宝镇往返约 40km / 1.5h（或 G213 顺路）","https://baike.baidu.com/item/%E9%BB%91%E6%B2%B3%E5%A4%A7%E5%B3%A1%E8%B0%B7/3016093"
"康乐草原","赛罕塔拉（裕固语""美丽的草原""）、中华裕固风情走廊（相邻/关联景区）。","祁连山·门源","草原/湿地","1","60","55","2500-3200","4—5h（自驾深度）","夏季（5—10 月）气温 15—28℃、紫外线强（来源：穷游）；每年 7 月底有裕固族传统文化艺术节。 - 9 月底—10 月初特别说明：""秋季草甸金黄、与雪山形成冷暖对比""（来源：汽车之家）——季节上完全对味。但夏季的狼毒花、金莲花花海已过。","景区内 80 公里观光公路蜿蜒穿行于草原、森林与峡谷之间、可随时停车观景（来源：汽车之家）；游记提到有""令人紧张刺激的四公里原始森林穿越""（来源：携程游记）。综合判断：主路铺装状况尚可、但有非铺装与山地路段、SUV 更从容、轿车需谨慎并放慢速度。","草原开阔地有信号、森林与峡谷段偏弱。","顺路可去","需专门绕路半天以上、本次建议放弃","D3","需绕路：张掖往返约 102km / 半天以上","https://baike.baidu.com/item/%E5%BA%B7%E4%B9%90%E8%8D%89%E5%8E%9F/17393091"
"岗什卡雪峰","冷龙岭主峰、""龙峰夕照""（门源八大景之一、来源：百度百科）。","祁连山·门源","山岳/雪峰","1","0","25","3600","2—3h","傍晚""龙峰夕照""是招牌——夕阳西下时山顶五彩缤纷（来源：百度百科）；清晨则有机会拍到日照金山。 - 9 月底—10 月初特别说明：这是岗什卡最好的季节之一——夏季消融的雪线在 9 月底开始回落、山顶重新积雪、同时草甸转黄。本次若走""西宁→门源→祁连""或回程经门源、可作为半日加点。","G227 门源—青石嘴段为柏油国道、路况好；从牌坊到景区的支线为景区道路、山上部分路段建议乘摆渡车而不是自驾。","山下有信号、上到 3600m 观景区后减弱。","无一手数据。","顺路强烈推荐（若经门源）；否则放弃","D8—D9（含门源段时）","需绕路：门源往返约 100km / 3h（仅当行程经门源）","https://baike.baidu.com/item/%E5%B2%97%E4%BB%80%E5%8D%A1%E9%9B%AA%E5%B3%B0/9922642"
"大冬树山垭口","大冬树垭口、大东树山垭口。","祁连山·门源","垭口/山口","1","0","","4120","15—30min","上午和傍晚光线柔和、云雾缭绕、是拍摄的绝佳时机（来源：游小途）。 - 9 月底—10 月初特别说明：山口常常有积雪、即使夏季也经常能拍到雪景（来源：Trip Moments）——10 月初大概率能遇到雪、这是加分项、但同时意味着路面结冰风险。 国庆期间若遇降雪、垭口可能临时交通管制。","S204 这一段道路较好、很平坦、但全程有限速规定（时速 60—80 公里）、有固定和流动测速（来源：携程）。 重要变化：穿山隧道已经打通、加上新修的盘山路、通行时间可节省 1 个多小时——这也意味着未来主线可能不再翻越垭口顶（来源：携程）。若想上垭口打卡、导航时注意不要被自动引导走隧道。","垭口有微弱信号、两侧山谷段较差。","无一手数据。","顺路强烈推荐（必停）","D9—D10","零绕路（祁连→青海湖必经）","https://touch.go.qunar.com/poi/9487137"
"阿柔大寺","阿力克大寺、藏语称""阿柔县喜宏法洲""（来源：同程）。","祁连山·门源","石窟/寺庙","1","15","","2900","1—1.5h","上午光线打在红墙金顶上最好、且大殿开放。 - 9 月底—10 月初特别说明：秋季草原转黄、寺院的红白建筑在金色草甸与雪山之间对比强烈、是一年中色彩层次最好的时候。本次 D8/D9 在祁连片区活动时可顺路 1 小时。","G227 柏油国道 + 短支线、路况好、轿车无压力。","有信号（距县城 21km、沿线有村庄）。","无一手数据。","顺路强烈推荐","D8—D9","微绕路：八宝镇往返约 42km / 1h","https://m.ly.com/tour/youji/view/poiBasic.html?poiId=2760000002476"
"牛心山（阿咪东索）","阿咪东索（藏语意为""千兵哨卡""/""众山之王""）、八宝山（蒙古语""乃曼额尔德尼""）、阿咪东索景区（来源：Meet99）。","祁连山·门源","山岳/雪峰","1","0","","2700-3500","2—3h","上午光线好、且下午山区易起云遮住主峰。 - 9 月底—10 月初特别说明：这是它最好的季节——2026 年因天气变暖、7 月中旬山顶已无雪（来源：今日头条）、而9 月底开始重新积雪、正是""雪山 + 金色草甸""同框的窗口期。research/B 也记载卓尔山片区""10 月初草原开始泛黄、雪山初显、色彩…","从游客中心到最高处万佛崖十几公里、路况非常好（来源：今日头条）；可自驾进入。轿车可行、但盘山路段注意坡度与弯道。","山下有信号、上到高处减弱。","无一手数据（doc3 团队在祁连只上了卓尔山）。","顺路强烈推荐","D8—D9（上午、配卓尔山日落）","微绕路：祁连县城往返约 20km / 0.5h","https://www.haibei.gov.cn/mhhb/lyhb/bqjd/9167561.html"
"贵德国家地质公园（阿什贡七彩峰丛）与""天下黄河贵德清""","阿什贡七彩峰丛景区（地质公园主园区）、清清黄河景区（黄河沿岸段）。","青海湖·湟源·西宁","丹霞地貌","1","95","","2200","3—4h","黄昏观黄河落日是贵德的经典项目（来源：贵德县人民政府）。 - 9 月底—10 月初特别说明：贵德海拔低、气温高、是本次行程里唯一""暖和""的地方；秋季黄河水更清、含沙量更低、正是""贵德清""最明显的时候。但它需要专门从西宁往返（约 4 小时车程 + 4 小时游览 = 一整天）。","西宁→贵德需翻越拉脊山（G214/S101）、全程柏油路但盘山弯道多、坡陡；轿车可行、注意刹车与山区雾。冬季有结冰风险、10 月初一般无碍。","全程有信号（沿线城镇密集）。","需专门绕路","需专门绕路一整天；时间紧则放弃","D11 变体","需绕路：西宁往返约 140km / 一整天","https://qj.qhswlt.com/#/str-view/409537197461692416"
"金银滩 · 原子城","原子城国家级爱国主义教育示范基地、221 基地、金银滩草原。","青海湖·湟源·西宁","草原/湿地","1","0","","3100-3200","1.5—2h","上午参观纪念馆、光线与人流都较好。 - 9 月底—10 月初特别说明：金银滩草原此时已转金黄、""金银滩""这个名字在秋天才最名副其实。国庆期间纪念馆是爱国主义教育热门场所、预约名额会紧张、建议提前 1—3 天预约。","G315 与县道均为柏油路、路况优秀、轿车无压力。","良好。","顺路可去","顺路强烈推荐","D10/D11 变体","零绕路（西宁↔青海湖主线上）","http://qhyzcjq.com/index"
"湟源丹噶尔古城","东科尔（藏语、蒙语音译""丹噶尔""、意为""白海螺""）、""小北京""""海藏咽喉""（来源：同程、西宁本地宝）。","青海湖·湟源·西宁","遗址/古迹/关隘","1","0","","2600-2700","1—1.5h","傍晚古城灯笼亮起时氛围最好；南城墙有观灯区、开放时间 12:00—23:00、最晚 22:30 入内（来源：携程）。 - 9 月底—10 月初特别说明：这是本次行程里最容易安排的点——D10/D11 从青海湖回西宁、正好在午后经过湟源、停 1.5 小时吃个饭、逛个街、再开 40 分钟回西宁。国庆期间…","G109 国道柏油路、路况极好、轿车无压力；古城内为步行街、车停外围。","良好。","顺路可去","顺路强烈推荐","D10 回程","零绕路（G109 主线上）","https://m.ly.com/tour/youji/view/poiBasic.html?poiId=2810000000040"
"日月山","赤岭、""西海屏风""（来源：中国南方航空）。","青海湖·湟源·西宁","山岳/雪峰","1","40","","3500-3600","20min—1h","上午通过、光线好且不易起云。 - 9 月底—10 月初特别说明：这一段是 D10/D11 青海湖→西宁的必经路、属于""路过顺便看一眼""的性质。秋季山上草黄、无花海。","G109 国道、路况优秀、轿车无压力；景区停车场就在路边。","良好。","无一手数据。","顺路可去（路边看一眼、不建议买票上山）","D10—D11","零绕路（G109 垭口路边）","https://www.csair.com/h5/cn/tourism_strategy/guonei_lvyougonglve/Xining2/1cgg3f3oa1pej.shtml"
"倒淌河","倒淌河镇、倒淌河风景区。","青海湖·湟源·西宁","城镇/补给站","1","40","","3300","15min","无明显最佳时段。 - 9 月底—10 月初特别说明：它只是青海湖↔西宁路上的一个路过点、不需要为它单独规划时间。","G109 国道路边、轿车无压力。","良好。","无一手数据。","建议放弃（仅作补给站停 15min）","D10—D11","零绕路（G109 路边）","https://m.map.360.cn/m/search/detail/pid=94de0764c2fe54be"
"151 基地（青海湖二郎剑景区）","二郎剑景区、151 景区、青海湖鱼雷基地遗址（来源：重庆中国青年旅行社）。","青海湖·湟源·西宁","湖泊","1","90","","3200","1.5—2h","上午光线好、湖水最蓝；下午易起风。 - 9 月底—10 月初特别说明：7 月的油菜花海已完全收割（来源：新浪新闻）、10 月初来看青海湖是""纯粹的蓝 + 枯黄草地""、人流量比暑期低很多、是它体验最好的时段之一。 但 10 月 31 日闭园的说法意味着 10 月下旬之后要格外注意。","G109 国道柏油路、路况极好、轿车无压力。","良好。","无一手数据（doc3 团队在青海湖走的是环湖西路与黑马河）。","顺路可去；若走环湖西路 + 黑马河则可放弃","D10","零绕路（G109 主线上）","https://you.ctrip.com/destinationsite/sight/gonghe2644/50229-traffic.html"
"沙岛与鸟岛（已封闭、不可进入）","青海湖沙岛景区、鸟岛（含蛋岛、鸬鹚岛）。","青海湖·湟源·西宁","湖泊（已封闭）","1","","","3200","—","9 月底—10 月初特别说明：无论什么时段都不可进入。 有攻略明确警告""鸟岛、沙岛因生态修复永久关闭、不要相信所谓内部通道""（来源：新浪新闻）。","（不适用）通往两地的原游客通道已封闭、沙岛游客中心已拆除。","（不适用）","无一手数据（已封闭）。","不可前往（2017 年起封闭至今）","—","—","https://www.qhh.qinghai.gov.cn/html/230/2026-01-12/content-4310.html"
"青海省博物馆","青博。","青海湖·湟源·西宁","博物馆/展馆","1","0","","2260","2—3h","上午开馆后人少。 - 9 月底—10 月初特别说明：两种用法都成立——① 行前（9 月 25 日抵达西宁当天下午）：先看博物馆再上路、后面看到的每一处遗址都会更有意义；② 返程（D12 还车前）：作为收尾复盘。从""知识库""角度、本文更推荐前者。 国庆期间预约名额紧张、提前 1—3 天预约。","市区道路、无难度；国庆期间市区拥堵、建议打车或地铁。","良好。","无一手数据。","顺路强烈推荐（建议放 D1 补课）","D1 或 D12","零绕路（西宁市区）","http://www.qhmuseum.cn/#/about/tourguide"
"东关清真大寺","西宁市东关清真大寺。","青海湖·湟源·西宁","石窟/寺庙","1","0","","2260","1h","五时礼拜时段最壮观——每日五次礼拜、虔诚且壮观（来源：西宁本地宝）；但礼拜时间一般不欢迎非穆斯林参观（来源：西宁本地宝）。 - 9 月底—10 月初特别说明：这是 D1 或 D12 在西宁市区半天的最佳搭配项（与青海省博物馆组合）。天气无关、全天候可去。","市区道路；国庆期间东关大街容易堵车、建议公交或打车前往（来源：西宁本地宝）。","良好。","无一手数据。","顺路强烈推荐","D1 或 D12","零绕路（西宁市区）","http://m.xn.bendibao.com/tour/14627.shtm"
